name_of_project,title_of_press_release,telegram
CoinTelegraph,Introducing Polkally: A seamless NFT experience,https://t.me/polkally
CoinTelegraph,Introducing Polkally: A seamless NFT experience,https://t.me/polkallynews
CoinTelegraph,Troy’s revolutionary products and brokerage services to outplay the crypto market,https://t.me/troytrade_official
CoinTelegraph,KnitFinance closes heavily oversubscribed sale led by leading blockchain investors,https://t.me/knitfinance
CoinTelegraph,DeFinity to launch IDO on the OccamRazer launchpad,https://t.me/DeFinity_Community
CoinTelegraph,DeFinity to launch IDO on the OccamRazer launchpad,https://t.me/DeFinity_ANN
CoinTelegraph,DeFinity to launch IDO on the OccamRazer launchpad,https://t.me/occamfi_com
CoinTelegraph,DeFinity to launch IDO on the OccamRazer launchpad,https://t.me/occamfi
CoinTelegraph,LUB - First cryptocurrency exchange for Telegram users,https://t.me/LubTokenBot
CoinTelegraph,Dexa Coin to launch social messenger app with peer-to-peer payments,https://t.me/dexacoin
CoinTelegraph,Occam.fi and Bondly bring next-gen DeFi & NFT capabilities to Cardano,https://t.me/bondlyfinance
CoinTelegraph,Occam.fi and Bondly bring next-gen DeFi & NFT capabilities to Cardano,https://t.me/occamfi_com
CoinTelegraph,Occam.fi and Bondly bring next-gen DeFi & NFT capabilities to Cardano,https://t.me/occamfi
CoinTelegraph,OccamRazer to Launch deFIRE IDO - Powered by Changelly,https://t.me/occamfi_com
CoinTelegraph,OccamRazer to Launch deFIRE IDO - Powered by Changelly,https://t.me/occamfi
CoinTelegraph,Introducing the Swirge Finance Token: A fully decentralized token,https://t.me/swirgepay
CoinTelegraph,Introducing the Swirge Finance Token: A fully decentralized token,https://t.me/swirgepaynews
CoinTelegraph,Smartlink unveils its backers following its private sale of $500K,https://t.me/smartlinkofficial
CoinTelegraph,CV VC becomes accelerator advisor of the Occam.fi ecosystem,https://t.me/occamfi_com
CoinTelegraph,CV VC becomes accelerator advisor of the Occam.fi ecosystem,https://t.me/occamfi
CoinTelegraph,Swinate - A BSC project that links crypto with stocks and real estate,https://t.me/swinate
CoinTelegraph,Sekuritance unique approach addresses blockchain compliance challenges,https://t.me/sekuritance_SKRT
CoinTelegraph,Sekuritance unique approach addresses blockchain compliance challenges,https://t.me/sekuritance
CoinTelegraph,Bifrost SALP: Release crowdloan liquidity for participants,https://t.me/bifrost_finance
CoinTelegraph,DragonBite raises over $2.7 million within 48 hours,https://t.me/DragonBite
CoinTelegraph,Cere sold out in 1 hour on Republic for first token offering of 2021,https://t.me/cerenetwork
CoinTelegraph,Smartlink launches decentralized escrow and its own marketplace on Tezos,https://t.me/smartlinkofficial
CoinTelegraph,Start ● Chaos: Emit Epoch 1.0 officially released,https://t.me/emit_protocol
CoinTelegraph,Delio and Moneytree to launch Korea’s first BTC checkout service,https://t.me/happy_delio
CoinTelegraph,Receive 3x rewards with ETHA lend - Dodo Dual LP is live,https://t.me/ethalendcommunity
CoinTelegraph,Metis launches the first-ever community-minted NFT 'Rebuilding The Tower Of Babel',https://t.me/MetisDAO
CoinTelegraph,"Lever.Network successfully closes a $600,000 seed funding round",https://t.me/LeverNetwork
CoinTelegraph,DeFiScale added to HitBTC listing,https://t.me/dfcofficialgroup
CoinTelegraph,MOAR secures funding to increase DeFi capital efficiency and usability,https://t.me/MOARFinance
CoinTelegraph,Treasureland market beating the odds in NFT industry,https://t.me/dego_finance
CoinTelegraph,"NFT platform Corra raises funds, curates products beyond arts and gaming",http://t.me/corragroupchat
CoinTelegraph,The OCC initial decentralized exchange offering ends successfully,https://t.me/occamfi_com
CoinTelegraph,The OCC initial decentralized exchange offering ends successfully,https://t.me/occamfi
CoinTelegraph,Lever: World’s first AMM-based decentralized margin trading platform,https://t.me/LeverNetwork
CoinTelegraph,"CrossFi, liquidity empowerment for DeFi",https://t.me/CrossFi_En
CoinTelegraph,"CrossFi, liquidity empowerment for DeFi",https://t.me/CrossFi_News
CoinTelegraph,DEX leader MDEX integrates Binance Smart Chain,https://t.me/MdexEN
CoinTelegraph,DEX leader MDEX integrates Binance Smart Chain,https://t.me/MixDex
CoinTelegraph,Egoras raises $1.3M in private round,https://t.me/egorasmarket
CoinTelegraph,Alium Finance raises $2.2M during private round,https://t.me/aliumswap_official
CoinTelegraph,Mimo DeFi protocol: The world’s first decentralized euro stablecoin,https://t.me/mimodefi
CoinTelegraph,Climb Token: Revolution in the DeFi world,https://t.me/climbtoken
CoinTelegraph,Climb Token: Revolution in the DeFi world,https://t.me/climbtoken_info
CoinTelegraph,BitMax relaunches as AscendEx,https://t.me/AscendEXEnglish
CoinTelegraph,PolkaCity - A virtual city where everything is possible,https://t.me/Polkacity
CoinTelegraph,DeFi project CherrySwap announces $3M funding and listing on OKExChain,https://t.me/cherryswap_1st/
CoinTelegraph,Epik aims to empower a new infrastructure of cognitive intelligence,https://t.me/EpikProtocol
CoinTelegraph,"A review of Bifrost’s 2nd mint drop, which locked-up over $27 million",https://t.me/bifrost_finance
CoinTelegraph,How does Epik Protocol implement the Filecoin layer-two network?,https://t.me/EpikProtocol
CoinTelegraph,Disciplina aims to change the future of information sharing,https://t.me/disciplinachain
CoinTelegraph,Konomi Network raises $5 million and launches an initial DEX offering,https://t.me/konominetwork
CoinTelegraph,Next.chain: A blockchain with lightning-fast transactions at low costs,https://t.me/nextchain
CoinTelegraph,Next.chain: A blockchain with lightning-fast transactions at low costs,https://t.me/nextchainNews
CoinTelegraph,Insurance marketplace Tidal Finance raises additional $1.8 million,https://t.me/TidalGlobal
CoinTelegraph,VRM delivers big crypto buys with minimal market impact as volumes surge,https://t.me/fly_global
CoinTelegraph,Bear Games is using DeFi NFT gaming to change the narratives for NFTs,https://t.me/BearGamesChat
CoinTelegraph,Bear Games is using DeFi NFT gaming to change the narratives for NFTs,https://t.me/BearGamesAnn
CoinTelegraph,"BetConix, BNIX token and the IEO of a next-generation platform",https://t.me/joinchat/VOOBWhkpba3SYLlqUDlN-w
CoinTelegraph,"BetConix, BNIX token and the IEO of a next-generation platform",https://t.me/BETCONIX_SUPPORT_BOT
CoinTelegraph,Launchpool enables egalitarian investments for all stakeholders,https://t.me/launchpoolxyz
CoinTelegraph,"YFX, the DEX that offers 100x trading leverage on perpetual contracts",https://t.me/YFX_EN
CoinTelegraph,Join PeakDeFi - A safer way to grow your wealth,https://t.me/peakdefi_official
CoinTelegraph,Coinbase Custody to support Dvision Network (DVI),https://t.me/dvisionnetworkglobal
CoinTelegraph,Coinbase Custody to support Dvision Network (DVI),https://t.me/dvision_network
CoinTelegraph,Cocoricos skyrockets Ether staking adoption with a 142% APY,https://t.me/bycocoricos
CoinTelegraph,Bitcoin trading bot from Insider Protocol by the Mechanics of the Future,https://t.me/insiderprotocol
CoinTelegraph,Verox is building a crypto and Defi AI investment manager,https://t.me/veroxgroup
CoinTelegraph,TNC IT Group’s Aladdin Exchange pre-launch event begins,https://t.me/aladdinexchange
CoinTelegraph,Holdefi sets a new cornerstone in DeFi lending market,https://t.me/holdefi
CoinTelegraph,How LPNT is going to rule the cryptocurrency market,https://t.me/LPNT_Official
CoinTelegraph,AnRKey X™ lists native token $ANRX on Bithumb Global and Uniswap,https://t.me/anrkeyxofficial
CoinTelegraph,AnRKey X™ lists native token $ANRX on Bithumb Global and Uniswap,https://t.me/anrkeyxnews
CoinTelegraph,Virtual stocking stuffers from new DeFi project Bubble Network,https://t.me/BubbleNetworkChat
CoinTelegraph,Virtual stocking stuffers from new DeFi project Bubble Network,https://t.me/BubbleNetwork
CoinTelegraph,Ethereum Yield (ETHY) ready to launch in DeFi zone,https://t.me/ethereumyield
CoinTelegraph,BlockDown is coming to Latin America this November,https://t.me/blockdown_esp
CoinTelegraph,Walletreum is live - Road to financial freedom with DeFi & AI,https://t.me/walletreum
CoinTelegraph,Walletreum is live - Road to financial freedom with DeFi & AI,https://t.me/WalletreumANN
CoinTelegraph,CyberVein launches first-of-a-kind decentralized NFT issuance platform,https://t.me/CyberVeinCommunity
CoinTelegraph,Tadpole Finance: A more open DeFi lending platform just launched,https://t.me/TadpoleFinanceChannel
CoinTelegraph,Multiplier Is Incentivising Yield Farmers with MXX Tokens From July 29,https://t.me/themultiplierio
CoinTelegraph,BlockConf Digital Is Knocking on Your Door on 24th 9PM EST,https://t.me/blockconfDigital​
CoinTelegraph,BlockConf DIGITAL Disrupts Lockdown With a 48-hours Online Conference,https://t.me/blockconfDigital
CoinTelegraph,BlockConf DIGITAL Disrupts Lockdown With a 48-hours Online Conference,https://t.me/mbeaudroit
CoinTelegraph,Changelly Extended Its Crypto Portfolio With AEternity Mainnet Token,https://t.me/join_changelly
CoinTelegraph,Ravencoin Joins the Ranks of 150+ Exchangeable Cryptos on Changelly.com,https://t.me/RavencoinDev
CoinTelegraph,Ravencoin Joins the Ranks of 150+ Exchangeable Cryptos on Changelly.com,https://t.me/join_changelly
CoinTelegraph,"Jolting the Insurance Industry, One Better Driver at a Time",https://t.me/joltee
CoinTelegraph,"Jolting the Insurance Industry, One Better Driver at a Time",https://t.me/joltee_chat
CoinTelegraph,The Birth of the New Token ARCS,https://t.me/ARCS_ARX_EN
CoinTelegraph,Buying.com Approved to Trade on OpenFinance; Launches Mobile App,https://t.me/buyingcom
CoinTelegraph,"CoinDeal Available in 13 US States, Including Its Own CDL Token Market",https://t.me/coindeal_com
CoinTelegraph,Four Valuable Reasons to Attend CGC,https://t.me/cgc_one
CoinTelegraph,ZVC Official MainNet Launch - New DeFi Economy Is Here,https://t.me/ZVChain_Official
CoinTelegraph,CoinMarketCap Announces Its First-ever Large Scale Conference,https://t.me/CoinMarketCap
CoinTelegraph,CoinMarketCap Announces Its First-ever Large Scale Conference,https://t.me/CoinMarketCapBot
CoinTelegraph,Changelly and Infinito Launching Promo to Mark Complete API Integration,https://t.me/infinitowallet
CoinTelegraph,Changelly and Infinito Launching Promo to Mark Complete API Integration,https://t.me/infinito_announcements
CoinTelegraph,Changelly and Infinito Launching Promo to Mark Complete API Integration,https://t.me/join_changelly
CoinTelegraph,"Nick Szabo to Vitalik Buterin, gather at Korea Blockchain Week",https://t.me/koreablockchainweek2019
CoinTelegraph,The First English Crypto Mining Event in China,https://t.me/MinerUpdate
CoinTelegraph,"BlockShow Announce Exclusive Partnership With CEO of ABS, Andrew Fai",https://t.me/Blockshow
CoinTelegraph,Margin.cryptorg.net Is a Platform for Automated Trading on BitMEX Exchange,https://t.me/cryptorg_bitmex
CoinTelegraph,BitMax.io (BTMX.com) Announces Listing of HPB,https://t.me/hpbglobal
CoinTelegraph,BitMax.io (BTMX.com) Announces Listing of HPB,https://t.me/BitMaxioEnglishOfficial
CoinTelegraph,CGC Kyiv 2019 - Largest Blockchain Gaming Conference Announced,https://t.me/cgc_one
CoinTelegraph,Infinito and Changelly Present The Ultimate Instant Exchange Solution,https://t.me/infinitowallet
CoinTelegraph,Infinito and Changelly Present The Ultimate Instant Exchange Solution,https://t.me/infinito_announcements
CoinTelegraph,Infinito and Changelly Present The Ultimate Instant Exchange Solution,https://t.me/join_changelly
CoinTelegraph,BitCloud: Gearing Up for the Next Bull,https://t.me/bitcloudpro
CoinTelegraph,"ABBC Reveals New CTO, Forms Partnership with UbiFun for Aladdin25 Development",https://t.me/abbcfoundation
CoinTelegraph,"The 2nd Graphene Blockchain DevCon Will Be Held in Shanghai, July 6th-7th",https://t.me/GrapheneDevCon
CoinTelegraph,ADN Coin - An Investor-Friendly Cryptocurrency,https://t.me/adncoinofficial
CoinTelegraph,Low-Key Loud Move：WaykiChain TPS 3200 Things to Know About WaykiChain Public Chain Breakthroughs,https://t.me/wiccofficial
CoinTelegraph,Low-Key Loud Move：WaykiChain TPS 3200 Things to Know About WaykiChain Public Chain Breakthroughs,https://t.me/waykichain
CoinTelegraph,BitMax.io and Block72 Co-Hosted Global Digital Impact Night During New York Blockchain Week 2019,https://t.me/BitMaxioEnglishOfficial
CoinTelegraph,Two Weeks to Go: Malta AI & Blockchain Summit Launching Exclusive Pool Party,https://t.me/maltablockchainsummit
CoinTelegraph,"Liquid.com Unveils Liquid Pro, a Mobile App For Pro Crypto Traders",https://t.me/Quoine
CoinTelegraph,Xeonbit Announces Application to List Asset Xeonbit Token (XNS) And Submit Proposal Listing on Binance DEX,https://t.me/xeonbitgroup
CoinTelegraph,Industry Leader Infinito to Issue Infinito Points with Community-chosen Benefits,https://t.me/infinitowallet
CoinTelegraph,BitMax.io Selected EtherZero (ETZ) as Its New Strategic Partner,https://t.me/BitMaxioEnglishOfficial
CoinTelegraph,Telos: The On-ramp to Third-generation Blockchain,https://t.me/hellotelos
CoinTelegraph,UCIM Pitcher Perfect to Welcome Top Investors and Projects in Singapore,https://t.me/UCIMIO
CoinTelegraph,Singapore Hosts the Worldwide Crypto Forum - Blockchain Life 2019,https://t.me/blockchainlife
CoinTelegraph,"Paris Blockchain Week Summit, the First International Conference Held in France Dedicated to the Professionals of Blockchain and Crypto-Assets",https://t.me/pbwsummit
CoinTelegraph,"Paris Blockchain Week Summit, the First International Conference Held in France Dedicated to the Professionals of Blockchain and Crypto-Assets",https://t.me/parisblockchainweek
CoinTelegraph,EOS WiKi and CodeLite Team Jointly Announce CodeLite for EOS Project to Help Developers to Create Smart Contracts Easier,https://t.me/
CoinTelegraph,Rate3 Bridges Enterprises with Blockchain’s Benefits Through Asset Tokenization,https://t.me/OfficialRate3
CoinTelegraph,Malta Enterprise to Support Malta Blockchain Summit Offering 40 Free Booths to Innovative Startups,https://t.me/maltablockchainsummit
CoinTelegraph,BitMax.io: Leveraging Innovative Mining Models and User-Friendly Services to Revolutionize Crypto Adoption,https://t.me/BitMaxioEnglishOfficial
CoinTelegraph,BitMax.io: Leveraging Innovative Mining Models and User-Friendly Services to Revolutionize Crypto Adoption,https://t.me/BitMaxOfficialAnnouncement
CoinTelegraph,"Official Launch of Liquid, a New Crypto Platform Opening Up Liquidity for Crypto Markets Worldwide",https://t.me/Quoine
